1,2,3,4,5,6,7,8
Season 1 - Episode 1,Season 2 - Episode 1,Season 3 - Episode 1,Season 4 - Episode 1,Season 5 - Episode 1,Season 6 - Episode 1,Season 7 - Episode 1,Season 8 - Episode 1
Season 1 - Episode 2,Season 2 - Episode 2,Season 3 - Episode 2,Season 4 - Episode 2,Season 5 - Episode 2,Season 6 - Episode 2,Season 7 - Episode 2,Season 8 - Episode 2
Season 1 - Episode 3,Season 2 - Episode 3,Season 3 - Episode 3,Season 4 - Episode 3,Season 5 - Episode 3,Season 6 - Episode 3,Season 7 - Episode 3,Season 8 - Episode 3
Season 1 - Episode 4,Season 2 - Episode 4,Season 3 - Episode 4,Season 4 - Episode 4,Season 5 - Episode 4,Season 6 - Episode 4,Season 7 - Episode 4,Season 8 - Episode 4
Season 1 - Episode 5,Season 2 - Episode 5,Season 3 - Episode 5,Season 4 - Episode 5,Season 5 - Episode 5,Season 6 - Episode 5,Season 7 - Episode 5,Season 8 - Episode 5
Season 1 - Episode 6,Season 2 - Episode 6,Season 3 - Episode 6,Season 4 - Episode 6,Season 5 - Episode 6,Season 6 - Episode 6,Season 7 - Episode 6,0
Season 1 - Episode 7,Season 2 - Episode 7,Season 3 - Episode 7,Season 4 - Episode 7,Season 5 - Episode 7,Season 6 - Episode 7,Season 7 - Episode 7,0
Season 1 - Episode 8,Season 2 - Episode 8,Season 3 - Episode 8,Season 4 - Episode 8,Season 5 - Episode 8,Season 6 - Episode 8,Season 7 - Episode 8,0
Season 1 - Episode 9,Season 2 - Episode 9,Season 3 - Episode 9,Season 4 - Episode 9,Season 5 - Episode 9,0,Season 7 - Episode 9,0
Season 1 - Episode 10,Season 2 - Episode 10,Season 3 - Episode 10,Season 4 - Episode 10,Season 5 - Episode 10,0,Season 7 - Episode 10,0
Season 1 - Episode 11,Season 2 - Episode 11,Season 3 - Episode 11,Season 4 - Episode 11,Season 5 - Episode 11,0,Season 7 - Episode 11,0
Season 1 - Episode 12,Season 2 - Episode 12,Season 3 - Episode 12,Season 4 - Episode 12,Season 5 - Episode 12,0,Season 7 - Episode 12,0
Season 1 - Episode 13,0,Season 3 - Episode 13,Season 4 - Episode 13,Season 5 - Episode 13,0,Season 7 - Episode 13,0
Season 1 - Episode 14,0,Season 3 - Episode 14,Season 4 - Episode 14,Season 5 - Episode 14,0,Season 7 - Episode 14,0
Season 1 - Episode 15,0,0,Season 4 - Episode 15,Season 5 - Episode 15,0,Season 7 - Episode 15,0
Season 1 - Episode 16,0,0,0,Season 5 - Episode 16,0,Season 7 - Episode 16,0
Season 1 - Episode 17,0,0,0,0,0,Season 7 - Episode 17,0
0,0,0,0,0,0,Season 7 - Episode 18,0
0,0,0,0,0,0,Season 7 - Episode 19,0
0,0,0,0,0,0,Season 7 - Episode 20,0